code,year,revenue,operating_profit,net_income,equity
005930,2024,3180000,357922,294180,3268670
005930,2025,3466200,499015,381432,3467567
000660,2024,826000,275009,225201,1023639
000660,2025,1007720,364837,303706,1265440
009150,2024,93600,7373,5984,119680
009150,2025,91728,8991,7191,102726
051910,2024,465600,18052,13467,448893
051910,2025,470256,32577,27965,559304
011170,2024,138000,0,0,171385
011170,2025,131100,3851,2867,143361
010950,2024,357000,16693,13584,339597
010950,2025,367710,26932,22467,374447
005380,2024,1680000,232270,187051,2338136
005380,2025,1797600,304402,248457,2484568
000270,2024,1090000,157963,125681,1142554
000270,2025,1209900,205485,157993,1215332
105560,2024,226600,22193,17983,256902
105560,2025,237930,24781,21162,235131
055550,2024,214200,20180,17094,284900
055550,2025,222768,28016,24313,303909
207940,2024,46000,5891,4998,41646
207940,2025,54740,9127,7120,50857
035420,2024,107000,11621,8745,124924
035420,2025,117700,17534,14785,164279
