code,date,close,daily_return
005930,2026-04-02,59798,0.02684
005930,2026-04-03,60512,0.01194
005930,2026-04-06,60746,0.003867
005930,2026-04-07,61294,0.009021
005930,2026-04-08,62079,0.012807
005930,2026-04-09,61508,-0.009198
005930,2026-04-10,61979,0.007658
005930,2026-04-13,62305,0.00526
005930,2026-04-14,61579,-0.011652
005930,2026-04-15,63077,0.024326
005930,2026-04-16,63097,0.000317
005930,2026-04-17,63490,0.006229
005930,2026-04-20,64742,0.01972
005930,2026-04-21,64748,9.3e-05
005930,2026-04-22,65078,0.005097
005930,2026-04-23,65861,0.012032
005930,2026-04-24,65276,-0.008882
005930,2026-04-27,65201,-0.001149
005930,2026-04-28,64339,-0.013221
005930,2026-04-29,66033,0.026329
005930,2026-04-30,65632,-0.006073
005930,2026-05-01,64699,-0.014216
005930,2026-05-04,63199,-0.023184
005930,2026-05-05,64027,0.013101
005930,2026-05-06,62957,-0.016712
005930,2026-05-07,64476,0.024128
005930,2026-05-08,65375,0.013943
005930,2026-05-11,66184,0.012375
005930,2026-05-12,66208,0.000363
005930,2026-05-13,67543,0.020164
005930,2026-05-14,68738,0.017692
005930,2026-05-15,70635,0.027598
005930,2026-05-18,69433,-0.017017
005930,2026-05-19,68424,-0.014532
005930,2026-05-20,69864,0.021045
005930,2026-05-21,71133,0.018164
005930,2026-05-22,73358,0.031279
005930,2026-05-25,72395,-0.013127
005930,2026-05-26,72567,0.002376
005930,2026-05-27,71989,-0.007965
005930,2026-05-28,73826,0.025518
005930,2026-05-29,73387,-0.005946
005930,2026-06-01,72900,-0.006636
005930,2026-06-02,73421,0.007147
005930,2026-06-03,72848,-0.007804
005930,2026-06-04,72377,-0.006466
005930,2026-06-05,72345,-0.000442
005930,2026-06-08,71778,-0.007837
005930,2026-06-09,70685,-0.015228
005930,2026-06-10,70140,-0.00771
005930,2026-06-11,68622,-0.021642
005930,2026-06-12,69609,0.014383
005930,2026-06-15,70230,0.008921
005930,2026-06-16,69259,-0.013826
005930,2026-06-17,68948,-0.00449
005930,2026-06-18,67988,-0.013924
005930,2026-06-19,70152,0.031829
005930,2026-06-22,69866,-0.004077
005930,2026-06-23,69464,-0.005754
005930,2026-06-24,68591,-0.012568
000660,2026-04-02,171307,-0.01138
000660,2026-04-03,168002,-0.019293
000660,2026-04-06,168197,0.001161
000660,2026-04-07,164910,-0.019543
000660,2026-04-08,165189,0.001692
000660,2026-04-09,167810,0.015867
000660,2026-04-10,170879,0.018289
000660,2026-04-13,171628,0.004383
000660,2026-04-14,174783,0.018383
000660,2026-04-15,173191,-0.009108
000660,2026-04-16,172914,-0.001599
000660,2026-04-17,175149,0.012926
000660,2026-04-20,172129,-0.017242
000660,2026-04-21,173013,0.005136
000660,2026-04-22,174327,0.007595
000660,2026-04-23,174105,-0.001273
000660,2026-04-24,176717,0.015002
000660,2026-04-27,178437,0.009733
000660,2026-04-28,181442,0.016841
000660,2026-04-29,181325,-0.000645
000660,2026-04-30,184528,0.017664
000660,2026-05-01,185020,0.002666
000660,2026-05-04,178688,-0.034223
000660,2026-05-05,181249,0.014332
000660,2026-05-06,186700,0.030075
000660,2026-05-07,187040,0.001821
000660,2026-05-08,185601,-0.007694
000660,2026-05-11,186161,0.003017
000660,2026-05-12,185882,-0.001499
000660,2026-05-13,184622,-0.006778
000660,2026-05-14,187545,0.015832
000660,2026-05-15,188134,0.003141
000660,2026-05-18,187966,-0.000893
000660,2026-05-19,188986,0.005427
000660,2026-05-20,191789,0.014832
000660,2026-05-21,192462,0.003509
000660,2026-05-22,192979,0.002686
000660,2026-05-25,193296,0.001643
000660,2026-05-26,193512,0.001117
000660,2026-05-27,193919,0.002103
000660,2026-05-28,197006,0.015919
000660,2026-05-29,200044,0.015421
000660,2026-06-01,202101,0.010283
000660,2026-06-02,195870,-0.030831
000660,2026-06-03,194068,-0.0092
000660,2026-06-04,196334,0.011676
000660,2026-06-05,196965,0.003214
000660,2026-06-08,198755,0.009088
000660,2026-06-09,197475,-0.00644
000660,2026-06-10,192951,-0.022909
000660,2026-06-11,190170,-0.014413
000660,2026-06-12,188974,-0.006289
000660,2026-06-15,187573,-0.007414
000660,2026-06-16,185936,-0.008727
000660,2026-06-17,184652,-0.006906
000660,2026-06-18,185192,0.002924
000660,2026-06-19,179942,-0.028349
000660,2026-06-22,177450,-0.013849
000660,2026-06-23,177438,-6.8e-05
000660,2026-06-24,177176,-0.001477
009150,2026-04-02,155339,0.022068
009150,2026-04-03,156668,0.008555
009150,2026-04-06,153646,-0.019289
009150,2026-04-07,152946,-0.004556
009150,2026-04-08,155842,0.018935
009150,2026-04-09,155030,-0.00521
009150,2026-04-10,159376,0.028033
009150,2026-04-13,158727,-0.004072
009150,2026-04-14,157038,-0.010641
009150,2026-04-15,157055,0.000108
009150,2026-04-16,154386,-0.016994
009150,2026-04-17,152218,-0.014043
009150,2026-04-20,155188,0.019511
009150,2026-04-21,153643,-0.009956
009150,2026-04-22,157634,0.025976
009150,2026-04-23,156676,-0.006077
009150,2026-04-24,153845,-0.018069
009150,2026-04-27,153607,-0.001547
009150,2026-04-28,154114,0.003301
009150,2026-04-29,152119,-0.012945
009150,2026-04-30,152532,0.002715
009150,2026-05-01,154005,0.009657
009150,2026-05-04,156271,0.014714
009150,2026-05-05,156391,0.000768
009150,2026-05-06,154033,-0.015078
009150,2026-05-07,153165,-0.005635
009150,2026-05-08,154015,0.00555
009150,2026-05-11,152009,-0.013025
009150,2026-05-12,153000,0.006519
009150,2026-05-13,156982,0.026026
009150,2026-05-14,155553,-0.009103
009150,2026-05-15,155983,0.002764
009150,2026-05-18,157195,0.00777
009150,2026-05-19,159533,0.014873
009150,2026-05-20,160963,0.008964
009150,2026-05-21,159956,-0.006256
009150,2026-05-22,159101,-0.005345
009150,2026-05-25,161709,0.016392
009150,2026-05-26,166675,0.030709
009150,2026-05-27,167461,0.004716
009150,2026-05-28,166883,-0.003452
009150,2026-05-29,166057,-0.00495
009150,2026-06-01,165745,-0.001879
009150,2026-06-02,165643,-0.000615
009150,2026-06-03,167127,0.008959
009150,2026-06-04,162945,-0.025023
009150,2026-06-05,162446,-0.003062
009150,2026-06-08,161785,-0.004069
009150,2026-06-09,161837,0.000321
009150,2026-06-10,162977,0.007044
009150,2026-06-11,164737,0.010799
009150,2026-06-12,166655,0.011643
009150,2026-06-15,168394,0.010435
009150,2026-06-16,165365,-0.017988
009150,2026-06-17,163271,-0.012663
009150,2026-06-18,164249,0.00599
009150,2026-06-19,159604,-0.02828
009150,2026-06-22,159619,9.4e-05
009150,2026-06-23,160300,0.004266
009150,2026-06-24,159301,-0.006232
051910,2026-04-02,383679,0.026124
051910,2026-04-03,379766,-0.010199
051910,2026-04-06,380294,0.00139
051910,2026-04-07,380522,0.0006
051910,2026-04-08,382144,0.004263
051910,2026-04-09,381397,-0.001955
051910,2026-04-10,382892,0.00392
051910,2026-04-13,379564,-0.008692
051910,2026-04-14,377604,-0.005164
051910,2026-04-15,375407,-0.005818
051910,2026-04-16,370383,-0.013383
051910,2026-04-17,363118,-0.019615
051910,2026-04-20,361408,-0.004709
051910,2026-04-21,366908,0.015218
051910,2026-04-22,373785,0.018743
051910,2026-04-23,369477,-0.011525
051910,2026-04-24,372999,0.009532
051910,2026-04-27,378190,0.013917
051910,2026-04-28,380594,0.006357
051910,2026-04-29,375550,-0.013253
051910,2026-04-30,378491,0.007831
051910,2026-05-01,380766,0.006011
051910,2026-05-04,370927,-0.02584
051910,2026-05-05,373958,0.008171
051910,2026-05-06,371822,-0.005712
051910,2026-05-07,360972,-0.029181
051910,2026-05-08,356994,-0.01102
051910,2026-05-11,359779,0.007801
051910,2026-05-12,357522,-0.006273
051910,2026-05-13,357261,-0.00073
051910,2026-05-14,360895,0.010172
051910,2026-05-15,362589,0.004694
051910,2026-05-18,373639,0.030475
051910,2026-05-19,369427,-0.011273
051910,2026-05-20,355450,-0.037834
051910,2026-05-21,359173,0.010474
051910,2026-05-22,362397,0.008976
051910,2026-05-25,362833,0.001203
051910,2026-05-26,363606,0.00213
051910,2026-05-27,366536,0.008058
051910,2026-05-28,365494,-0.002843
051910,2026-05-29,368571,0.008419
051910,2026-06-01,373448,0.013232
051910,2026-06-02,362572,-0.029123
051910,2026-06-03,357993,-0.012629
051910,2026-06-04,355265,-0.00762
051910,2026-06-05,356980,0.004827
051910,2026-06-08,358362,0.003871
051910,2026-06-09,359698,0.003728
051910,2026-06-10,363921,0.01174
051910,2026-06-11,358598,-0.014627
051910,2026-06-12,357988,-0.001701
051910,2026-06-15,361272,0.009173
051910,2026-06-16,355550,-0.015838
051910,2026-06-17,356576,0.002886
051910,2026-06-18,351581,-0.014008
051910,2026-06-19,343775,-0.022203
051910,2026-06-22,349071,0.015405
051910,2026-06-23,361146,0.034592
051910,2026-06-24,360852,-0.000814
011170,2026-04-02,95313,-0.02212
011170,2026-04-03,96337,0.010744
011170,2026-04-06,95755,-0.006041
011170,2026-04-07,96434,0.007091
011170,2026-04-08,95477,-0.009924
011170,2026-04-09,96781,0.013658
011170,2026-04-10,94517,-0.023393
011170,2026-04-13,95561,0.011046
011170,2026-04-14,96549,0.010339
011170,2026-04-15,97841,0.013382
011170,2026-04-16,99771,0.019726
011170,2026-04-17,97188,-0.025889
011170,2026-04-20,97042,-0.001502
011170,2026-04-21,95013,-0.020908
011170,2026-04-22,95382,0.003884
011170,2026-04-23,96639,0.013179
011170,2026-04-24,96944,0.003156
011170,2026-04-27,97498,0.005715
011170,2026-04-28,98090,0.006072
011170,2026-04-29,95430,-0.027118
011170,2026-04-30,95206,-0.002347
011170,2026-05-01,94732,-0.004979
011170,2026-05-04,95051,0.003367
011170,2026-05-05,93586,-0.015413
011170,2026-05-06,92230,-0.014489
011170,2026-05-07,92773,0.005887
011170,2026-05-08,92698,-0.000808
011170,2026-05-11,93892,0.012881
011170,2026-05-12,92374,-0.016168
011170,2026-05-13,93483,0.012006
011170,2026-05-14,94525,0.011146
011170,2026-05-15,94511,-0.000148
011170,2026-05-18,94539,0.000296
011170,2026-05-19,93045,-0.015803
011170,2026-05-20,92837,-0.002235
011170,2026-05-21,93004,0.001799
011170,2026-05-22,95145,0.023021
011170,2026-05-25,96325,0.012402
011170,2026-05-26,96265,-0.000623
011170,2026-05-27,95887,-0.003927
011170,2026-05-28,97844,0.020409
011170,2026-05-29,100796,0.03017
011170,2026-06-01,100496,-0.002976
011170,2026-06-02,102856,0.023484
011170,2026-06-03,103491,0.006174
011170,2026-06-04,103875,0.00371
011170,2026-06-05,101218,-0.025579
011170,2026-06-08,104162,0.029086
011170,2026-06-09,103329,-0.007997
011170,2026-06-10,100835,-0.024136
011170,2026-06-11,102885,0.02033
011170,2026-06-12,106253,0.032736
011170,2026-06-15,107811,0.014663
011170,2026-06-16,109054,0.011529
011170,2026-06-17,108705,-0.0032
011170,2026-06-18,111271,0.023605
011170,2026-06-19,112181,0.008178
011170,2026-06-22,109776,-0.021439
011170,2026-06-23,107930,-0.016816
011170,2026-06-24,106665,-0.011721
010950,2026-04-02,70230,-0.014468
010950,2026-04-03,71312,0.015407
010950,2026-04-06,70752,-0.007853
010950,2026-04-07,72499,0.024692
010950,2026-04-08,70761,-0.023973
010950,2026-04-09,71650,0.012563
010950,2026-04-10,69672,-0.027606
010950,2026-04-13,70210,0.007722
010950,2026-04-14,70709,0.007107
010950,2026-04-15,68381,-0.032924
010950,2026-04-16,68077,-0.004446
010950,2026-04-17,67168,-0.013353
010950,2026-04-20,67109,-0.000878
010950,2026-04-21,66466,-0.009581
010950,2026-04-22,65496,-0.014594
010950,2026-04-23,64930,-0.008642
010950,2026-04-24,65600,0.010319
010950,2026-04-27,63966,-0.024909
010950,2026-04-28,63638,-0.005128
010950,2026-04-29,63302,-0.00528
010950,2026-04-30,63627,0.005134
010950,2026-05-01,61831,-0.028227
010950,2026-05-04,61908,0.001245
010950,2026-05-05,63389,0.023923
010950,2026-05-06,64220,0.01311
010950,2026-05-07,65299,0.016802
010950,2026-05-08,64973,-0.004992
010950,2026-05-11,64599,-0.005756
010950,2026-05-12,65456,0.013266
010950,2026-05-13,65669,0.003254
010950,2026-05-14,65920,0.003822
010950,2026-05-15,66661,0.011241
010950,2026-05-18,66068,-0.008896
010950,2026-05-19,68116,0.030998
010950,2026-05-20,66910,-0.017705
010950,2026-05-21,66696,-0.003198
010950,2026-05-22,66207,-0.007332
010950,2026-05-25,66401,0.00293
010950,2026-05-26,65246,-0.017394
010950,2026-05-27,65655,0.006269
010950,2026-05-28,67564,0.029076
010950,2026-05-29,68389,0.012211
010950,2026-06-01,66673,-0.025092
010950,2026-06-02,64953,-0.025798
010950,2026-06-03,64953,0.0
010950,2026-06-04,64028,-0.014241
010950,2026-06-05,62984,-0.016305
010950,2026-06-08,63437,0.007192
010950,2026-06-09,63729,0.004603
010950,2026-06-10,65519,0.028088
010950,2026-06-11,65438,-0.001236
010950,2026-06-12,63659,-0.027186
010950,2026-06-15,62996,-0.010415
010950,2026-06-16,62993,-4.8e-05
010950,2026-06-17,63318,0.005159
010950,2026-06-18,61801,-0.023958
010950,2026-06-19,62399,0.009676
010950,2026-06-22,62716,0.00508
010950,2026-06-23,62460,-0.004082
010950,2026-06-24,61973,-0.007797
005380,2026-04-02,223709,0.024867
005380,2026-04-03,220660,-0.013629
005380,2026-04-06,219399,-0.005715
005380,2026-04-07,220371,0.00443
005380,2026-04-08,223082,0.012302
005380,2026-04-09,227289,0.018859
005380,2026-04-10,228064,0.00341
005380,2026-04-13,227154,-0.00399
005380,2026-04-14,229236,0.009166
005380,2026-04-15,230273,0.004524
005380,2026-04-16,231023,0.003257
005380,2026-04-17,233676,0.011484
005380,2026-04-20,232594,-0.00463
005380,2026-04-21,234255,0.007141
005380,2026-04-22,236371,0.009033
005380,2026-04-23,233830,-0.01075
005380,2026-04-24,231627,-0.009421
005380,2026-04-27,230476,-0.004969
005380,2026-04-28,229467,-0.004378
005380,2026-04-29,230995,0.006659
005380,2026-04-30,231109,0.000494
005380,2026-05-01,232153,0.004517
005380,2026-05-04,229100,-0.013151
005380,2026-05-05,227234,-0.008145
005380,2026-05-06,223279,-0.017405
005380,2026-05-07,221827,-0.006503
005380,2026-05-08,222460,0.002854
005380,2026-05-11,226074,0.016246
005380,2026-05-12,229095,0.013363
005380,2026-05-13,228206,-0.00388
005380,2026-05-14,230154,0.008536
005380,2026-05-15,230588,0.001886
005380,2026-05-18,231100,0.00222
005380,2026-05-19,229260,-0.007962
005380,2026-05-20,229928,0.002914
005380,2026-05-21,231361,0.006232
005380,2026-05-22,233943,0.01116
005380,2026-05-25,234801,0.003668
005380,2026-05-26,238819,0.017112
005380,2026-05-27,244181,0.022452
005380,2026-05-28,242816,-0.00559
005380,2026-05-29,243408,0.002438
005380,2026-06-01,244833,0.005854
005380,2026-06-02,242967,-0.007622
005380,2026-06-03,243274,0.001264
005380,2026-06-04,248289,0.020615
005380,2026-06-05,248074,-0.000866
005380,2026-06-08,242847,-0.02107
005380,2026-06-09,247367,0.018613
005380,2026-06-10,246200,-0.004718
005380,2026-06-11,243302,-0.011771
005380,2026-06-12,237981,-0.02187
005380,2026-06-15,238861,0.003698
005380,2026-06-16,242114,0.013619
005380,2026-06-17,241435,-0.002804
005380,2026-06-18,246404,0.020581
005380,2026-06-19,242623,-0.015345
005380,2026-06-22,243303,0.002803
005380,2026-06-23,241975,-0.005458
005380,2026-06-24,245970,0.01651
000270,2026-04-02,103765,0.001593
000270,2026-04-03,102994,-0.00743
000270,2026-04-06,104599,0.015583
000270,2026-04-07,106903,0.022027
000270,2026-04-08,107405,0.004696
000270,2026-04-09,105334,-0.019282
000270,2026-04-10,105632,0.002829
000270,2026-04-13,106951,0.012487
000270,2026-04-14,107272,0.003001
000270,2026-04-15,106863,-0.003813
000270,2026-04-16,105031,-0.017143
000270,2026-04-17,105425,0.003751
000270,2026-04-20,107683,0.021418
000270,2026-04-21,109968,0.02122
000270,2026-04-22,107506,-0.022388
000270,2026-04-23,107179,-0.003042
000270,2026-04-24,108798,0.015106
000270,2026-04-27,107312,-0.013658
000270,2026-04-28,105729,-0.014751
000270,2026-04-29,105602,-0.001201
000270,2026-04-30,108891,0.031145
000270,2026-05-01,109279,0.003563
000270,2026-05-04,112341,0.02802
000270,2026-05-05,113262,0.008198
000270,2026-05-06,112500,-0.006728
000270,2026-05-07,110250,-0.02
000270,2026-05-08,110167,-0.000753
000270,2026-05-11,109425,-0.006735
000270,2026-05-12,110475,0.009596
000270,2026-05-13,111099,0.005648
000270,2026-05-14,109334,-0.015887
000270,2026-05-15,110592,0.011506
000270,2026-05-18,111756,0.010525
000270,2026-05-19,111945,0.001691
000270,2026-05-20,112597,0.005824
000270,2026-05-21,109900,-0.023953
000270,2026-05-22,111169,0.011547
000270,2026-05-25,111595,0.003832
000270,2026-05-26,110137,-0.013065
000270,2026-05-27,110292,0.001407
000270,2026-05-28,110605,0.002838
000270,2026-05-29,110612,6.3e-05
000270,2026-06-01,110419,-0.001745
000270,2026-06-02,110256,-0.001476
000270,2026-06-03,108073,-0.019799
000270,2026-06-04,109599,0.01412
000270,2026-06-05,111442,0.016816
000270,2026-06-08,112570,0.010122
000270,2026-06-09,112760,0.001688
000270,2026-06-10,115065,0.020442
000270,2026-06-11,114703,-0.003146
000270,2026-06-12,115094,0.003409
000270,2026-06-15,113885,-0.010504
000270,2026-06-16,115281,0.012258
000270,2026-06-17,113348,-0.016768
000270,2026-06-18,116271,0.025788
000270,2026-06-19,117720,0.012462
000270,2026-06-22,116731,-0.008401
000270,2026-06-23,115391,-0.011479
000270,2026-06-24,113145,-0.019464
105560,2026-04-02,77206,-0.018884
105560,2026-04-03,77700,0.006398
105560,2026-04-06,77892,0.002471
105560,2026-04-07,77443,-0.005764
105560,2026-04-08,77859,0.005372
105560,2026-04-09,77596,-0.003378
105560,2026-04-10,78073,0.006147
105560,2026-04-13,78432,0.004598
105560,2026-04-14,77780,-0.008313
105560,2026-04-15,75792,-0.025559
105560,2026-04-16,76005,0.00281
105560,2026-04-17,77084,0.014196
105560,2026-04-20,76636,-0.005812
105560,2026-04-21,75476,-0.015136
105560,2026-04-22,75925,0.005949
105560,2026-04-23,77586,0.021877
105560,2026-04-24,78107,0.006715
105560,2026-04-27,77901,-0.002637
105560,2026-04-28,75795,-0.027034
105560,2026-04-29,75761,-0.000449
105560,2026-04-30,75871,0.001452
105560,2026-05-01,76149,0.003664
105560,2026-05-04,75102,-0.013749
105560,2026-05-05,74515,-0.007816
105560,2026-05-06,75108,0.007958
105560,2026-05-07,76268,0.015444
105560,2026-05-08,77918,0.021634
105560,2026-05-11,78238,0.004107
105560,2026-05-12,79633,0.01783
105560,2026-05-13,79469,-0.002059
105560,2026-05-14,79629,0.002013
105560,2026-05-15,80909,0.016075
105560,2026-05-18,80110,-0.009875
105560,2026-05-19,80400,0.00362
105560,2026-05-20,79226,-0.014602
105560,2026-05-21,80744,0.01916
105560,2026-05-22,82119,0.017029
105560,2026-05-25,82649,0.006454
105560,2026-05-26,83433,0.009486
105560,2026-05-27,83304,-0.001546
105560,2026-05-28,82428,-0.010516
105560,2026-05-29,81599,-0.010057
105560,2026-06-01,82025,0.005221
105560,2026-06-02,83448,0.017348
105560,2026-06-03,84635,0.014224
105560,2026-06-04,85340,0.00833
105560,2026-06-05,85568,0.002672
105560,2026-06-08,84450,-0.013066
105560,2026-06-09,84941,0.005814
105560,2026-06-10,85532,0.006958
105560,2026-06-11,83074,-0.028738
105560,2026-06-12,82202,-0.010497
105560,2026-06-15,81365,-0.010182
105560,2026-06-16,81785,0.005162
105560,2026-06-17,83500,0.02097
105560,2026-06-18,85940,0.029222
105560,2026-06-19,85861,-0.000919
105560,2026-06-22,86982,0.013056
105560,2026-06-23,87360,0.004346
105560,2026-06-24,88181,0.009398
055550,2026-04-02,51721,0.003259
055550,2026-04-03,52175,0.008778
055550,2026-04-06,52283,0.00207
055550,2026-04-07,52521,0.004552
055550,2026-04-08,53855,0.025399
055550,2026-04-09,54849,0.018457
055550,2026-04-10,54580,-0.004904
055550,2026-04-13,54625,0.000824
055550,2026-04-14,54622,-5.5e-05
055550,2026-04-15,55055,0.007927
055550,2026-04-16,55590,0.009718
055550,2026-04-17,56582,0.017845
055550,2026-04-20,56085,-0.008784
055550,2026-04-21,54362,-0.030721
055550,2026-04-22,54416,0.000993
055550,2026-04-23,54579,0.002995
055550,2026-04-24,53665,-0.016746
055550,2026-04-27,53485,-0.003354
055550,2026-04-28,55543,0.038478
055550,2026-04-29,54682,-0.015502
055550,2026-04-30,54296,-0.007059
055550,2026-05-01,53616,-0.012524
055550,2026-05-04,52821,-0.014828
055550,2026-05-05,51558,-0.023911
055550,2026-05-06,51183,-0.007273
055550,2026-05-07,51926,0.014517
055550,2026-05-08,52526,0.011555
055550,2026-05-11,52278,-0.004721
055550,2026-05-12,52771,0.00943
055550,2026-05-13,52523,-0.0047
055550,2026-05-14,53077,0.010548
055550,2026-05-15,52718,-0.006764
055550,2026-05-18,52938,0.004173
055550,2026-05-19,53439,0.009464
055550,2026-05-20,53842,0.007541
055550,2026-05-21,54810,0.017979
055550,2026-05-22,55246,0.007955
055550,2026-05-25,54886,-0.006516
055550,2026-05-26,56417,0.027894
055550,2026-05-27,57023,0.010741
055550,2026-05-28,58334,0.022991
055550,2026-05-29,59311,0.016748
055550,2026-06-01,59834,0.008818
055550,2026-06-02,60417,0.009744
055550,2026-06-03,60800,0.006339
055550,2026-06-04,61745,0.015543
055550,2026-06-05,62599,0.013831
055550,2026-06-08,62529,-0.001118
055550,2026-06-09,62514,-0.00024
055550,2026-06-10,63419,0.014477
055550,2026-06-11,65368,0.030732
055550,2026-06-12,67332,0.030045
055550,2026-06-15,67164,-0.002495
055550,2026-06-16,65949,-0.01809
055550,2026-06-17,65327,-0.009432
055550,2026-06-18,62780,-0.038988
055550,2026-06-19,63054,0.004364
055550,2026-06-22,62028,-0.016272
055550,2026-06-23,59553,-0.039901
055550,2026-06-24,58742,-0.013618
207940,2026-04-02,999971,0.017293
207940,2026-04-03,1015194,0.015223
207940,2026-04-06,1005259,-0.009786
207940,2026-04-07,1023373,0.018019
207940,2026-04-08,1036559,0.012885
207940,2026-04-09,1038368,0.001745
207940,2026-04-10,1035735,-0.002536
207940,2026-04-13,1056473,0.020022
207940,2026-04-14,1054068,-0.002276
207940,2026-04-15,1084255,0.028639
207940,2026-04-16,1093450,0.00848
207940,2026-04-17,1055108,-0.035065
207940,2026-04-20,1053513,-0.001512
207940,2026-04-21,1076118,0.021457
207940,2026-04-22,1105695,0.027485
207940,2026-04-23,1120996,0.013838
207940,2026-04-24,1103976,-0.015183
207940,2026-04-27,1110506,0.005915
207940,2026-04-28,1108990,-0.001365
207940,2026-04-29,1132655,0.021339
207940,2026-04-30,1111069,-0.019058
207940,2026-05-01,1096824,-0.012821
207940,2026-05-04,1101448,0.004216
207940,2026-05-05,1082806,-0.016925
207940,2026-05-06,1088727,0.005468
207940,2026-05-07,1089089,0.000332
207940,2026-05-08,1091581,0.002288
207940,2026-05-11,1076648,-0.01368
207940,2026-05-12,1055184,-0.019936
207940,2026-05-13,1049141,-0.005727
207940,2026-05-14,1068031,0.018005
207940,2026-05-15,1075112,0.00663
207940,2026-05-18,1055651,-0.018101
207940,2026-05-19,1058939,0.003115
207940,2026-05-20,1061496,0.002415
207940,2026-05-21,1070145,0.008148
207940,2026-05-22,1068112,-0.0019
207940,2026-05-25,1071214,0.002904
207940,2026-05-26,1056227,-0.013991
207940,2026-05-27,1087744,0.029839
207940,2026-05-28,1115960,0.02594
207940,2026-05-29,1125983,0.008982
207940,2026-06-01,1122594,-0.00301
207940,2026-06-02,1129208,0.005892
207940,2026-06-03,1158633,0.026058
207940,2026-06-04,1142634,-0.013809
207940,2026-06-05,1155488,0.011249
207940,2026-06-08,1166515,0.009543
207940,2026-06-09,1201241,0.029769
207940,2026-06-10,1244223,0.035781
207940,2026-06-11,1229880,-0.011528
207940,2026-06-12,1273423,0.035404
207940,2026-06-15,1321115,0.037452
207940,2026-06-16,1341673,0.015561
207940,2026-06-17,1349620,0.005923
207940,2026-06-18,1362936,0.009866
207940,2026-06-19,1360907,-0.001489
207940,2026-06-22,1380925,0.014709
207940,2026-06-23,1439331,0.042295
207940,2026-06-24,1462977,0.016428
035420,2026-04-02,232764,-0.007301
035420,2026-04-03,236898,0.01776
035420,2026-04-06,240138,0.013677
035420,2026-04-07,237096,-0.012668
035420,2026-04-08,231929,-0.021793
035420,2026-04-09,235127,0.013789
035420,2026-04-10,241077,0.025305
035420,2026-04-13,239588,-0.006176
035420,2026-04-14,244855,0.021984
035420,2026-04-15,241757,-0.012652
035420,2026-04-16,245310,0.014697
035420,2026-04-17,248937,0.014785
035420,2026-04-20,249604,0.002679
035420,2026-04-21,252903,0.013217
035420,2026-04-22,252783,-0.000474
035420,2026-04-23,242443,-0.040905
035420,2026-04-24,244749,0.009512
035420,2026-04-27,252622,0.032168
035420,2026-04-28,257413,0.018965
035420,2026-04-29,253483,-0.015267
035420,2026-04-30,257183,0.014597
035420,2026-05-01,252549,-0.018018
035420,2026-05-04,251008,-0.006102
035420,2026-05-05,249633,-0.005478
035420,2026-05-06,252201,0.010287
035420,2026-05-07,253427,0.004861
035420,2026-05-08,249056,-0.017248
035420,2026-05-11,250905,0.007424
035420,2026-05-12,249199,-0.006799
035420,2026-05-13,244772,-0.017765
035420,2026-05-14,245662,0.003636
035420,2026-05-15,252442,0.027599
035420,2026-05-18,248804,-0.014411
035420,2026-05-19,249072,0.001077
035420,2026-05-20,252827,0.015076
035420,2026-05-21,255473,0.010466
035420,2026-05-22,258098,0.010275
035420,2026-05-25,257101,-0.003863
035420,2026-05-26,261542,0.017273
035420,2026-05-27,258260,-0.012549
035420,2026-05-28,261251,0.011581
035420,2026-05-29,262060,0.003097
035420,2026-06-01,257923,-0.015786
035420,2026-06-02,256637,-0.004986
035420,2026-06-03,262989,0.024751
035420,2026-06-04,264155,0.004434
035420,2026-06-05,271010,0.025951
035420,2026-06-08,279288,0.030545
035420,2026-06-09,284624,0.019106
035420,2026-06-10,286489,0.006553
035420,2026-06-11,287231,0.00259
035420,2026-06-12,285357,-0.006524
035420,2026-06-15,290205,0.016989
035420,2026-06-16,289049,-0.003983
035420,2026-06-17,294390,0.018478
035420,2026-06-18,296696,0.007833
035420,2026-06-19,296911,0.000725
035420,2026-06-22,299880,0.01
035420,2026-06-23,301611,0.005772
035420,2026-06-24,300628,-0.003259
