code,name,year,revenue,operating_profit,net_income,equity
005930,삼성전자,2025,3336059,436010,452068,4363203
000660,SK하이닉스,2025,971466,472063,429479,1206667
009150,삼성전기,2025,113144,9133,7309,97973
051910,LG화학,2025,459321,11809,-9771,471055
011170,롯데케미칼,2025,184830,-9432,-24762,176284
010950,S-Oil,2025,342469,2356,1769,88874
005380,현대자동차,2025,1862544,114678,103647,1276482
000270,기아,2025,1141409,90781,75541,611904
105560,KB금융,2025,,85177,58407,608299
055550,신한지주,2025,,70233,50845,603723
207940,삼성바이오로직스,2025,45569,20692,17843,74511
035420,NAVER,2025,120350,22081,18187,289530
