Code,Name,Market,Sector,Marcap
005930,삼성전자,KOSPI,전기전자,1464492791304000
000660,SK하이닉스,KOSPI,전기전자,1178284184745000
005935,삼성전자우,KOSPI,전기전자,148839858156500
402340,SK스퀘어,KOSPI,기타,129549366036000
009150,삼성전기,KOSPI,전기전자,104571174400000
373220,LG에너지솔루션,KOSPI,전기전자,81315000000000
005380,현대차,KOSPI,운수장비,77398435548000
207940,삼성바이오로직스,KOSPI,의약품,69482717451000
028260,삼성물산,KOSPI,건설업,60488507713000
105560,KB금융,KOSPI,금융업,59977695819400
032830,삼성생명,KOSPI,보험,58800000000000
012450,한화에어로스페이스,KOSPI,기타,52852486025000
055550,신한지주,KOSPI,금융업,51874251409500
034020,두산에너빌리티,KOSPI,기타,49066983783600
000270,기아,KOSPI,운수장비,48567376951200
329180,HD현대중공업,KOSPI,기타,44293636950000
006400,삼성SDI,KOSPI,전기전자,43355015140000
068270,셀트리온,KOSPI,의약품,43336579888800
034730,SK,KOSPI,유통업,39513973135000
012330,현대모비스,KOSPI,운수장비,37320453067500
086790,하나금융지주,KOSPI,금융업,37012209205200
066570,LG전자,KOSPI,전기전자,32658369919000
035420,NAVER,KOSPI,IT서비스,31783986619000
010120,LS ELECTRIC,KOSPI,기타,29355000000000
000810,삼성화재,KOSPI,기타,29333389761000
005490,POSCO홀딩스,KOSPI,기타,26149703910000
298040,효성중공업,KOSPI,기타,25782375220000
267260,HD현대일렉트릭,KOSPI,기타,25629512985000
316140,우리금융지주,KOSPI,금융업,25419136216500
010130,고려아연,KOSPI,철강금속,25381530304000
042660,한화오션,KOSPI,기타,25125898308000
009540,HD한국조선해양,KOSPI,기타,23319741722000
096770,SK이노베이션,KOSPI,화학,22230441622000
138040,메리츠금융지주,KOSPI,기타,21721676035400
042700,한미반도체,KOSPI,기타,20349154700000
015760,한국전력,KOSPI,전기가스업,20061377406250
017670,SK텔레콤,KOSPI,통신업,19631810844200
011200,HMM,KOSPI,운수창고업,19619349776000
051910,LG화학,KOSPI,화학,18989340267000
000150,두산,KOSPI,기타,18153289035000
