Date,Open,High,Low,Close,Volume,Change
2026-01-02,378200,382100,377500,379000,4001900,-0.0076
2026-01-05,378200,382600,375400,380700,10225232,0.004485488126649077
2026-01-06,381900,387700,378800,384700,29358997,0.010506960861570791
2026-01-07,386000,388300,381500,383700,25870440,-0.0025994281258123215
2026-01-08,383900,385200,381300,383400,26448435,-0.0007818608287724785
2026-01-09,382600,389100,382200,387400,9327014,0.010432968179447054
2026-01-12,387800,389700,385900,388200,42817630,0.002065049044914817
2026-01-13,388600,391000,385100,387300,18821340,-0.00231839258114374
2026-01-14,387100,390000,384100,387300,27554733,0.0
2026-01-15,388000,391100,386100,388300,46995534,0.002581977794990963
2026-01-16,387200,388100,385200,385900,31291612,-0.006180788050476436
2026-01-19,384500,387900,380500,382100,47751651,-0.009847110650427572
2026-01-20,382500,387000,379600,386500,29505858,0.011515310128238681
2026-01-21,387400,391100,383400,386400,46901077,-0.000258732212160414
2026-01-22,387400,389400,385200,386900,37098978,0.0012939958592132505
2026-01-23,387900,389800,382600,386000,14370839,-0.0023261824760920135
2026-01-26,386000,389900,383200,386500,36617754,0.0012953367875647669
2026-01-27,388100,390500,379500,382600,46938198,-0.010090556274256144
2026-01-28,382100,385200,381300,383900,20346522,0.003397804495556717
2026-01-29,385400,387700,382200,384900,10077962,0.0026048450117218025
2026-01-30,384000,392400,382900,389400,28672829,0.011691348402182385
2026-02-02,388400,391100,387500,388700,30319698,-0.0017976373908577298
2026-02-03,388700,395000,388100,392200,35581063,0.009004373552868537
2026-02-04,392300,394100,387200,388400,44835368,-0.009688934217236104
2026-02-05,387900,389300,382100,384800,38569185,-0.009268795056642637
2026-02-06,386000,388100,381100,384000,37914549,-0.002079002079002079
2026-02-09,383700,385600,382300,383900,19001694,-0.00026041666666666666
2026-02-10,383400,387200,380200,383900,16587617,0.0
2026-02-11,383600,391600,380900,387800,26765443,0.01015889554571503
2026-02-12,387700,390100,384800,386300,16963155,-0.0038679731820526046
2026-02-13,385400,392500,382700,388900,31040523,0.006730520320994046
2026-02-19,388700,393900,386700,390600,17740735,0.004371303677037799
2026-02-20,391500,394900,388400,392100,33389280,0.0038402457757296467
2026-02-23,392100,394400,390100,392000,30422008,-0.0002550369803621525
2026-02-24,391300,393800,388300,392900,13030920,0.002295918367346939
2026-02-25,393000,393900,384500,388000,47655063,-0.012471366759989819
2026-02-26,387800,388600,380700,384400,32949756,-0.009278350515463918
2026-02-27,384100,387400,378400,380400,28574471,-0.01040582726326743
2026-03-03,381800,384200,374900,376100,30748687,-0.011303890641430074
2026-03-04,376600,377200,370900,373800,6106637,-0.0061153948417973945
2026-03-05,374500,377700,373900,375800,38028410,0.005350454788657036
2026-03-06,375800,380100,373800,377500,23746182,0.004523682810005322
2026-03-09,377200,380000,373800,379300,29731162,0.004768211920529801
2026-03-10,380500,385900,377000,382200,31156862,0.007645663063538096
2026-03-11,382200,386200,381500,384200,32704582,0.0052328623757195184
2026-03-12,385500,389200,378500,380200,30977181,-0.010411244143675169
2026-03-13,380200,381300,374700,375800,10789556,-0.011572856391372961
2026-03-16,375100,377500,369400,372800,4869893,-0.007982969664715274
2026-03-17,372700,373600,370600,373000,24762958,0.000536480686695279
2026-03-18,373000,378400,372300,377300,12006255,0.011528150134048258
2026-03-19,375800,378100,374100,375400,29115968,-0.005035780545984627
2026-03-20,374400,375400,369800,373300,10321301,-0.005594033031433138
2026-03-23,374900,376300,365700,368600,4655040,-0.012590409858023038
2026-03-24,369700,375300,368900,372700,27433786,0.01112316874660879
2026-03-25,372600,374500,367500,368400,7163028,-0.011537429568017172
2026-03-26,367800,368300,363700,366900,16336130,-0.004071661237785016
2026-03-27,366900,368600,365400,368000,19793189,0.002998092123194331
2026-03-30,366900,372600,365500,370900,38452379,0.007880434782608695
2026-03-31,370700,373600,369900,372800,9373589,0.005122674575357239
2026-04-01,371300,378200,368300,375200,11853374,0.006437768240343348
2026-04-02,373300,375600,371900,372300,38571940,-0.007729211087420042
2026-04-03,373400,376400,370700,371700,16426433,-0.0016116035455278
2026-04-06,371100,374500,366800,368400,30662334,-0.00887812752219532
2026-04-07,369200,371900,367700,370500,46612518,0.005700325732899023
2026-04-08,368700,374000,366900,371000,13280831,0.001349527665317139
2026-04-09,370700,373900,370000,371900,46021508,0.002425876010781671
2026-04-10,372200,373200,364600,366900,30078329,-0.013444474321054048
2026-04-13,367400,369500,363900,365800,27596307,-0.002998092123194331
2026-04-14,366000,369800,364400,368800,19368989,0.008201202843083653
2026-04-15,369500,373800,367900,372400,36685332,0.009761388286334056
2026-04-16,372500,375700,370900,372600,21215518,0.0005370569280343716
2026-04-17,373500,378600,372600,377500,45431492,0.013150831991411701
2026-04-20,377800,382300,375600,379600,16043010,0.005562913907284768
2026-04-21,380500,385800,377400,382400,30432039,0.007376185458377239
2026-04-22,381200,386400,379900,383300,5530409,0.0023535564853556486
2026-04-23,383700,386400,382200,383600,28365345,0.0007826767545003914
2026-04-24,383000,385600,379900,383200,42761150,-0.0010427528675703858
2026-04-27,382500,384300,381700,382300,24044774,-0.002348643006263048
2026-04-28,380800,389900,379300,386200,25834535,0.010201412503269683
2026-04-29,385500,392200,383700,391500,24221714,0.013723459347488347
2026-04-30,392200,393300,384700,387000,30315623,-0.011494252873563218
2026-05-04,386500,393000,384600,391300,12703017,0.011111111111111112
2026-05-06,389400,395700,387800,393900,29903508,0.006644518272425249
2026-05-07,393200,395500,391200,394300,6168052,0.0010154861640010156
2026-05-08,394600,397300,388900,391100,41505175,-0.008115647983768704
2026-05-11,390400,393700,385300,386000,9144259,-0.013040143185885963
2026-05-12,384500,389900,380800,388600,43256923,0.006735751295336788
2026-05-13,387500,395600,384100,393400,19434111,0.012352032938754504
2026-05-14,394700,396400,388700,392100,16202218,-0.0033045246568378242
2026-05-15,392100,395000,390600,394100,46547373,0.00510073960724305
2026-05-18,393300,394100,389300,391700,13748659,-0.006089824917533621
2026-05-19,390500,393300,389000,390400,17453553,-0.0033188664794485574
2026-05-20,390300,392700,384300,386600,41344681,-0.00973360655737705
2026-05-21,385400,387000,381800,382300,11715113,-0.011122607346094155
2026-05-22,381100,386900,378000,385500,37235769,0.00837038974627256
2026-05-26,384900,386500,383500,385800,46573578,0.0007782101167315176
2026-05-27,383900,385100,379900,383000,8835569,-0.007257646448937273
2026-05-28,382900,386600,379400,381900,47246410,-0.0028720626631853785
2026-05-29,381800,382200,377200,379700,40046783,-0.005760670332547788
2026-06-01,381500,382700,380400,381300,47129539,0.004213853041875165
2026-06-02,381300,388400,380700,384800,19678574,0.00917912404930501
2026-06-04,384600,388200,383000,384100,12670803,-0.0018191268191268192
2026-06-05,385400,388300,379900,382000,7474908,-0.005467326217130955
2026-06-08,383800,387700,382500,385000,31443823,0.007853403141361256
2026-06-09,384500,393300,382400,389900,21840211,0.012727272727272728
2026-06-10,388500,396100,387700,393000,42719250,0.007950756604257501
2026-06-11,394000,398500,390600,395000,15614989,0.005089058524173028
2026-06-12,395900,397000,389300,393200,24841867,-0.004556962025316456
2026-06-15,393700,396000,386500,388300,28565766,-0.012461851475076297
2026-06-16,389000,392700,386400,389100,28003977,0.0020602626834921455
2026-06-17,390300,392900,386000,388600,35459216,-0.0012850167052171678
2026-06-18,390200,391700,384100,386700,42767060,-0.004889346371590325
2026-06-19,385100,389700,384600,386500,9155586,-0.000517196793379881
2026-06-22,386700,389300,382500,386100,46201993,-0.001034928848641656
2026-06-23,385000,388800,381200,384700,41881069,-0.003626003626003626
2026-06-24,383300,391900,382700,389200,41657967,0.011697426566155446
2026-06-25,388200,396200,386400,393200,16845237,0.010277492291880781
2026-06-26,394600,396100,392900,393600,15588729,0.001017293997965412
2026-06-29,392600,396400,389700,392800,32628755,-0.0020325203252032522
2026-06-30,391100,391500,386900,390700,16568388,-0.005346232179226069
